xmin,xmax,label
0,3.096038548752832,sounding
3.096038548752832,6.120038548752833,silent
6.120038548752833,13.896038548752832,sounding
13.896038548752832,17.936038548752833,silent
17.936038548752833,34.04003854875283,sounding
34.04003854875283,38.44003854875283,silent
38.44003854875283,46.93607709750567,sounding
